year,rb_pct
2013,0.06777442125079988
2014,0.057860226420458655
2015,0.050635252419073754
2016,0.04615440599674538
2017,0.04833781548460224
2018,0.04185880144631219
2019,0.04534804472682297
