year,rb_pct
2013,0.0694375
2014,0.058249999999999996
2015,0.05071875
2016,0.04584375
2017,0.048625
2018,0.042812499999999996
2019,0.045
